kmeans_pre,total_orders,total_sales,maximum_sales,minimum_sales,mean_sales,median_sales,sales_figure,maximum_figure,minimum_figure,mean_figure,median_figure,cus_count,max_order_cus,mean_order_cus,refund_ratio,max_order_gap
0,65.40453074,713.7718447,108.1690939,-8.298543689,10.64807864,6.822411003,1048.649988,150.4358778,-14.37399676,16.22318813,11.09820591,49.22734628,4.250809061,1.265449741,0.016968795,33.07807443
0,46,331,48,1,6.77124183,4,584.9,63.975,0.42,11.92620967,8.85,37,3,1.227785437,0,28
1,27.70909091,329.6231405,51.12727273,-2.449586777,10.37584253,8.314049587,411.496281,70.70333884,-1.462859504,17.97149537,14.91829752,22.52396694,2.66446281,1.214338607,0.022652797,151.7619835
1,10,47,12,1,4.416666667,3,105.6,25.44,1.65,10.3125,8.5,8,2,1.142857143,0,135
2,410.249505,5400.194059,352.8178218,-63.76039604,13.04523132,7.65049505,10040.72927,745.860099,-132.5467129,22.87276409,13.67218812,241.4792079,15.26732673,1.688764416,0.021277511,18.11485149
2,333,3808,216,-12,10.58223684,6,6999.69,348,-29.7,19.85222222,15,214,13,1.602787456,0.010159253,14
3,19.76744186,91.45348837,934.7790698,-1052.453488,1.602233832,0.372093023,415.7912791,1037.867674,-1070.586628,3.022843023,2.316162791,13.27906977,2.651162791,1.453182971,0.783342449,67.09302326
3,4,1.5,6,-6,0.427272728,1,5.025,17.7,-17.7,1.25625,2.75,3,2,1.333333333,0.857142857,31
