kmeans_pre,total_orders,total_sales,maximum_sales,minimum_sales,mean_sales,median_sales,sales_figure,maximum_figure,minimum_figure,mean_figure,median_figure,cus_count,max_order_cus,mean_order_cus,refund_ratio,max_order_gap
0,65.40453074433657,713.7718446601941,108.16909385113269,-8.298543689320388,10.648078635610437,6.822411003236246,1048.6499878640777,150.4358778317152,-14.373996763754045,16.22318813041707,11.098205906148866,49.22734627831715,4.250809061488673,1.2654497413337378,0.016968795234627833,33.07807443365696
1,27.70909090909091,329.62314049586774,51.127272727272725,-2.4495867768595043,10.375842528242975,8.314049586776859,411.49628099173555,70.7033388429752,-1.4628595041322312,17.971495372687603,14.918297520661156,22.52396694214876,2.6644628099173553,1.2143386073338842,0.02265279702479339,151.7619834710744
2,410.24950495049507,5400.194059405941,352.8178217821782,-63.76039603960396,13.045231322516832,7.650495049504951,10040.729267326733,745.860099009901,-132.54671287128713,22.872764085750497,13.672188118811881,241.47920792079208,15.267326732673267,1.6887644159623763,0.021277510936633666,18.114851485148513
3,19.767441860465116,91.45348837209302,934.7790697674419,-1052.453488372093,1.6022338324534886,0.37209302325581395,415.79127906976737,1037.8676744186048,-1070.586627906977,3.0228430228837206,2.3161627906976743,13.279069767441861,2.6511627906976742,1.4531829710697675,0.7833424485348838,67.09302325581395
