kmeans_pre,total_orders,total_sales,maximum_sales,minimum_sales,mean_sales,median_sales,sales_figure,maximum_figure,minimum_figure,mean_figure,median_figure,cus_count,max_order_cus,mean_order_cus,refund_ratio,max_order_gap
0,46.0,331.0,48.0,1.0,6.77124183,4.0,584.9,63.974999999999994,0.42,11.926209674999999,8.85,37.0,3.0,1.2277854365,0.0,28.0
1,10.0,47.0,12.0,1.0,4.416666667,3.0,105.6,25.44,1.65,10.3125,8.5,8.0,2.0,1.142857143,0.0,135.0
2,333.0,3808.0,216.0,-12.0,10.58223684,6.0,6999.69,348.0,-29.7,19.85222222,15.0,214.0,13.0,1.602787456,0.010159253,14.0
3,4.0,1.5,6.0,-6.0,0.4272727275,1.0,5.025,17.7,-17.7,1.25625,2.75,3.0,2.0,1.333333333,0.857142857,31.0
